scene_index,layout,num_mics,rt60_sec,snr_db,source_mode,true_x,true_y,true_z,est_x,est_y,est_z,localization_error_m,localization_error_cm,srp_peak_score,mic0_si_sdr_db,das_true_si_sdr_db,das_est_si_sdr_db,das_true_si_sdri_db,das_est_si_sdri_db,mic0_snr_ref_db,das_true_snr_ref_db,das_est_snr_ref_db,das_true_snr_improvement_db,das_est_snr_improvement_db,mic0_align_lag_samples,das_true_align_lag_samples,das_est_align_lag_samples,mic0_audio,das_true_audio,das_est_audio,das_true_clean_reference_audio,das_est_clean_reference_audio,compare_figure,metadata
0,mic_8,8,0.3,20.0,probe,0.4691387305763557,0.645049200780388,0.35,0.4800000000000001,0.66,0.35,0.018479544658842263,1.8479544658842262,0.5805470291242466,19.793866760666397,27.74233889277893,26.895320641723835,7.948472132112531,7.101453881057438,19.793677404374435,27.741016802598075,26.893836903396362,7.94733939822364,7.1001594990219274,0,0,0,results\week3\day1\das\audio\scene_000\mic0_single.wav,results\week3\day1\das\audio\scene_000\das_true_position.wav,results\week3\day1\das\audio\scene_000\das_est_position.wav,results\week3\day1\das\audio\scene_000\das_true_position_clean_reference.wav,results\week3\day1\das\audio\scene_000\das_est_position_clean_reference.wav,results\week3\day1\das\figures\scene_000\spectrogram_compare.png,results\week3\day1\das\scenes\scene_000\metadata.json
1,mic_8,8,0.3,20.0,probe,0.4657072218437981,0.3325758177871359,0.35,0.4600000000000001,0.32000000000000006,0.35,0.013810270605225937,1.3810270605225936,0.5789207746473868,20.01318436881691,26.750473757485903,27.042510692743665,6.737289388668994,7.029326323926757,20.0054747218945,26.120856092507907,26.365092207384958,6.115381370613406,6.359617485490457,0,0,0,results\week3\day1\das\audio\scene_001\mic0_single.wav,results\week3\day1\das\audio\scene_001\das_true_position.wav,results\week3\day1\das\audio\scene_001\das_est_position.wav,results\week3\day1\das\audio\scene_001\das_true_position_clean_reference.wav,results\week3\day1\das\audio\scene_001\das_est_position_clean_reference.wav,results\week3\day1\das\figures\scene_001\spectrogram_compare.png,results\week3\day1\das\scenes\scene_001\metadata.json
2,mic_8,8,0.3,20.0,probe,0.7581535872555113,0.2991245832434418,0.35,0.7600000000000001,0.38000000000000006,0.35,0.08089649112025807,8.089649112025807,0.54540343975702,19.78227170187645,27.237587989983837,27.012537648500178,7.455316288107387,7.230265946623728,19.60247955334936,25.380263000897475,25.24154857054903,5.777783447548114,5.639069017199667,0,0,0,results\week3\day1\das\audio\scene_002\mic0_single.wav,results\week3\day1\das\audio\scene_002\das_true_position.wav,results\week3\day1\das\audio\scene_002\das_est_position.wav,results\week3\day1\das\audio\scene_002\das_true_position_clean_reference.wav,results\week3\day1\das\audio\scene_002\das_est_position_clean_reference.wav,results\week3\day1\das\figures\scene_002\spectrogram_compare.png,results\week3\day1\das\scenes\scene_002\metadata.json
3,mic_8,8,0.3,20.0,probe,0.7953689928729236,0.41913869839011514,0.35,0.8000000000000002,0.4000000000000001,0.35,0.019691013256783574,1.9691013256783574,0.5770510710571043,20.010992663376,27.03519317310692,26.786272519968485,7.0242005097309175,6.775279856592483,20.00817111005475,27.034343380407535,26.78426032422543,7.0261722703527845,6.776089214170678,0,0,0,results\week3\day1\das\audio\scene_003\mic0_single.wav,results\week3\day1\das\audio\scene_003\das_true_position.wav,results\week3\day1\das\audio\scene_003\das_est_position.wav,results\week3\day1\das\audio\scene_003\das_true_position_clean_reference.wav,results\week3\day1\das\audio\scene_003\das_est_position_clean_reference.wav,results\week3\day1\das\figures\scene_003\spectrogram_compare.png,results\week3\day1\das\scenes\scene_003\metadata.json
4,mic_8,8,0.3,20.0,probe,1.0981809120736328,0.5303264192339444,0.35,1.1200000000000003,0.52,0.35,0.0241393357848499,2.4139335784849902,0.6086939072084694,19.49822825790188,27.976171535480603,27.592603247131944,8.477943277578724,8.094374989230065,19.52335371609327,27.977860592076446,27.596415272141407,8.454506875983178,8.073061556048138,0,0,0,results\week3\day1\das\audio\scene_004\mic0_single.wav,results\week3\day1\das\audio\scene_004\das_true_position.wav,results\week3\day1\das\audio\scene_004\das_est_position.wav,results\week3\day1\das\audio\scene_004\das_true_position_clean_reference.wav,results\week3\day1\das\audio\scene_004\das_est_position_clean_reference.wav,results\week3\day1\das\figures\scene_004\spectrogram_compare.png,results\week3\day1\das\scenes\scene_004\metadata.json
5,mic_8,8,0.3,20.0,probe,0.6137468256001841,0.38835945938498756,0.35,0.6000000000000001,0.38000000000000006,0.35,0.016088995471785387,1.6088995471785388,0.6824564395621494,19.713169873581858,26.713474180462047,26.397202774266727,7.000304306880189,6.684032900684869,19.747009913348553,26.68735333602806,26.37599330778372,6.940343422679508,6.628983394435167,0,0,0,results\week3\day1\das\audio\scene_005\mic0_single.wav,results\week3\day1\das\audio\scene_005\das_true_position.wav,results\week3\day1\das\audio\scene_005\das_est_position.wav,results\week3\day1\das\audio\scene_005\das_true_position_clean_reference.wav,results\week3\day1\das\audio\scene_005\das_est_position_clean_reference.wav,results\week3\day1\das\figures\scene_005\spectrogram_compare.png,results\week3\day1\das\scenes\scene_005\metadata.json
6,mic_8,8,0.3,20.0,probe,0.13378559662631442,0.296074170948957,0.35,0.08,0.38000000000000006,0.35,0.0996816692594657,9.96816692594657,0.5249530203113162,20.486500181956995,26.772282921869444,26.890417381280223,6.285782739912449,6.403917199323228,20.523193911649397,26.647287048379145,26.760694197349842,6.124093136729748,6.237500285700445,0,0,0,results\week3\day1\das\audio\scene_006\mic0_single.wav,results\week3\day1\das\audio\scene_006\das_true_position.wav,results\week3\day1\das\audio\scene_006\das_est_position.wav,results\week3\day1\das\audio\scene_006\das_true_position_clean_reference.wav,results\week3\day1\das\audio\scene_006\das_est_position_clean_reference.wav,results\week3\day1\das\figures\scene_006\spectrogram_compare.png,results\week3\day1\das\scenes\scene_006\metadata.json
7,mic_8,8,0.3,20.0,probe,0.14983558374319106,0.4743472100991239,0.35,0.08,0.4200000000000001,0.35,0.08849083569675763,8.849083569675763,0.5735140777619657,20.293688621654454,26.706229661532994,27.14386958964042,6.4125410398785405,6.850180967985967,20.295769821852122,26.707916909273397,27.14490050381948,6.412147087421275,6.849130681967356,0,0,0,results\week3\day1\das\audio\scene_007\mic0_single.wav,results\week3\day1\das\audio\scene_007\das_true_position.wav,results\week3\day1\das\audio\scene_007\das_est_position.wav,results\week3\day1\das\audio\scene_007\das_true_position_clean_reference.wav,results\week3\day1\das\audio\scene_007\das_est_position_clean_reference.wav,results\week3\day1\das\figures\scene_007\spectrogram_compare.png,results\week3\day1\das\scenes\scene_007\metadata.json
8,mic_8,8,0.3,20.0,probe,0.7758112953362737,0.43147735775749413,0.35,0.8000000000000002,0.4200000000000001,0.35,0.026773553637918352,2.6773553637918353,0.5679999250173194,19.47210243502087,28.048609891893477,27.38994343052184,8.576507456872609,7.9178409955009705,19.494402524637138,27.277202907053336,26.743223573604887,7.782800382416198,7.2488210489677485,0,0,0,results\week3\day1\das\audio\scene_008\mic0_single.wav,results\week3\day1\das\audio\scene_008\das_true_position.wav,results\week3\day1\das\audio\scene_008\das_est_position.wav,results\week3\day1\das\audio\scene_008\das_true_position_clean_reference.wav,results\week3\day1\das\audio\scene_008\das_est_position_clean_reference.wav,results\week3\day1\das\figures\scene_008\spectrogram_compare.png,results\week3\day1\das\scenes\scene_008\metadata.json
9,mic_8,8,0.3,20.0,probe,0.7002306377166375,0.6305040504047562,0.35,0.7000000000000001,0.64,0.35,0.009498750047861385,0.9498750047861385,0.5342927999993264,19.565950608566233,27.020881796022,26.649316071283906,7.454931187455767,7.083365462717673,19.574681919191057,27.026196327449053,26.654754268374358,7.451514408257996,7.0800723491833,0,0,0,results\week3\day1\das\audio\scene_009\mic0_single.wav,results\week3\day1\das\audio\scene_009\das_true_position.wav,results\week3\day1\das\audio\scene_009\das_est_position.wav,results\week3\day1\das\audio\scene_009\das_true_position_clean_reference.wav,results\week3\day1\das\audio\scene_009\das_est_position_clean_reference.wav,results\week3\day1\das\figures\scene_009\spectrogram_compare.png,results\week3\day1\das\scenes\scene_009\metadata.json
10,mic_8,8,0.3,20.0,probe,0.28664650794036484,0.6144670770934505,0.35,0.36000000000000004,0.66,0.35,0.0863364457558727,8.633644575587269,0.5669517641329566,20.171329394541342,27.94215733748503,27.02379607415184,7.770827942943686,6.852466679610497,20.17221502657455,27.94354135891978,27.024422240118,7.771326332345232,6.852207213543451,0,0,0,results\week3\day1\das\audio\scene_010\mic0_single.wav,results\week3\day1\das\audio\scene_010\das_true_position.wav,results\week3\day1\das\audio\scene_010\das_est_position.wav,results\week3\day1\das\audio\scene_010\das_true_position_clean_reference.wav,results\week3\day1\das\audio\scene_010\das_est_position_clean_reference.wav,results\week3\day1\das\figures\scene_010\spectrogram_compare.png,results\week3\day1\das\scenes\scene_010\metadata.json
11,mic_8,8,0.3,20.0,probe,0.8002087055203344,0.3646129552968231,0.35,0.8200000000000001,0.38000000000000006,0.35,0.025069034322813693,2.5069034322813692,0.5888303969316255,19.882301437760262,27.047476508386055,27.0228440623224,7.165175070625793,7.140542624562137,19.884210848033334,27.049237272790986,27.024518652611846,7.165026424757652,7.140307804578512,0,0,0,results\week3\day1\das\audio\scene_011\mic0_single.wav,results\week3\day1\das\audio\scene_011\das_true_position.wav,results\week3\day1\das\audio\scene_011\das_est_position.wav,results\week3\day1\das\audio\scene_011\das_true_position_clean_reference.wav,results\week3\day1\das\audio\scene_011\das_est_position_clean_reference.wav,results\week3\day1\das\figures\scene_011\spectrogram_compare.png,results\week3\day1\das\scenes\scene_011\metadata.json
12,mic_8,8,0.3,20.0,probe,0.29517799591366356,0.6422335454829924,0.35,0.30000000000000004,0.6000000000000001,0.35,0.04250792970108783,4.250792970108782,0.5644346920354659,20.106209106757788,26.774503635232204,26.641895615884657,6.668294528474416,6.535686509126869,20.107020405227118,26.773508391751015,26.641228764713457,6.666487986523897,6.534208359486339,0,0,0,results\week3\day1\das\audio\scene_012\mic0_single.wav,results\week3\day1\das\audio\scene_012\das_true_position.wav,results\week3\day1\das\audio\scene_012\das_est_position.wav,results\week3\day1\das\audio\scene_012\das_true_position_clean_reference.wav,results\week3\day1\das\audio\scene_012\das_est_position_clean_reference.wav,results\week3\day1\das\figures\scene_012\spectrogram_compare.png,results\week3\day1\das\scenes\scene_012\metadata.json
13,mic_8,8,0.3,20.0,probe,1.0765118606518027,0.6498257507486167,0.35,1.1000000000000003,0.66,0.35,0.025597031817568665,2.5597031817568663,0.563330024783708,19.575661194652472,26.05732853092054,26.258293906066953,6.4816673362680675,6.682632711414481,19.619435479356838,25.829133591679515,26.014530025205552,6.209698112322677,6.395094545848714,0,0,0,results\week3\day1\das\audio\scene_013\mic0_single.wav,results\week3\day1\das\audio\scene_013\das_true_position.wav,results\week3\day1\das\audio\scene_013\das_est_position.wav,results\week3\day1\das\audio\scene_013\das_true_position_clean_reference.wav,results\week3\day1\das\audio\scene_013\das_est_position_clean_reference.wav,results\week3\day1\das\figures\scene_013\spectrogram_compare.png,results\week3\day1\das\scenes\scene_013\metadata.json
14,mic_8,8,0.3,20.0,probe,0.24127914735037082,0.09611501751337442,0.35,0.08,0.22000000000000003,0.35,0.2033677758539296,20.33677758539296,0.548435190211297,20.872300626809125,27.15552468732423,27.4467858806476,6.283224060515106,6.574485253838475,20.872847495302203,27.157107587224093,27.447245346887787,6.28426009192189,6.574397851585584,0,0,0,results\week3\day1\das\audio\scene_014\mic0_single.wav,results\week3\day1\das\audio\scene_014\das_true_position.wav,results\week3\day1\das\audio\scene_014\das_est_position.wav,results\week3\day1\das\audio\scene_014\das_true_position_clean_reference.wav,results\week3\day1\das\audio\scene_014\das_est_position_clean_reference.wav,results\week3\day1\das\figures\scene_014\spectrogram_compare.png,results\week3\day1\das\scenes\scene_014\metadata.json
15,mic_8,8,0.3,20.0,probe,0.15237498129049792,0.5641726448276653,0.35,0.14,0.5000000000000001,0.35,0.06535494247658576,6.535494247658575,0.536428100766909,19.87807602338085,26.73532233892461,27.015949889307546,6.857246315543762,7.1378738659266965,19.886059299003065,26.187061989015024,26.42354468716666,6.301002690011959,6.537485388163596,0,0,0,results\week3\day1\das\audio\scene_015\mic0_single.wav,results\week3\day1\das\audio\scene_015\das_true_position.wav,results\week3\day1\das\audio\scene_015\das_est_position.wav,results\week3\day1\das\audio\scene_015\das_true_position_clean_reference.wav,results\week3\day1\das\audio\scene_015\das_est_position_clean_reference.wav,results\week3\day1\das\figures\scene_015\spectrogram_compare.png,results\week3\day1\das\scenes\scene_015\metadata.json
16,mic_8,8,0.3,20.0,probe,0.5358695071789251,0.17995515078723986,0.35,0.6000000000000001,0.24000000000000005,0.35,0.08785274057453789,8.785274057453789,0.585088143464419,20.04096821866242,27.316204782976286,27.111027140505893,7.275236564313865,7.070058921843472,19.84526327795095,25.46847200520061,25.346845279538066,5.623208727249661,5.501582001587117,0,0,0,results\week3\day1\das\audio\scene_016\mic0_single.wav,results\week3\day1\das\audio\scene_016\das_true_position.wav,results\week3\day1\das\audio\scene_016\das_est_position.wav,results\week3\day1\das\audio\scene_016\das_true_position_clean_reference.wav,results\week3\day1\das\audio\scene_016\das_est_position_clean_reference.wav,results\week3\day1\das\figures\scene_016\spectrogram_compare.png,results\week3\day1\das\scenes\scene_016\metadata.json
17,mic_8,8,0.3,20.0,probe,0.9462387687825995,0.626562887763348,0.35,0.8800000000000001,0.5800000000000001,0.35,0.08096713534945398,8.096713534945398,0.5121531860361761,19.66121759780741,27.320773045814168,26.861422904395575,7.659555448006756,7.200205306588163,19.652843641164285,27.318390431939747,26.858630080360545,7.665546790775462,7.20578643919626,0,0,0,results\week3\day1\das\audio\scene_017\mic0_single.wav,results\week3\day1\das\audio\scene_017\das_true_position.wav,results\week3\day1\das\audio\scene_017\das_est_position.wav,results\week3\day1\das\audio\scene_017\das_true_position_clean_reference.wav,results\week3\day1\das\audio\scene_017\das_est_position_clean_reference.wav,results\week3\day1\das\figures\scene_017\spectrogram_compare.png,results\week3\day1\das\scenes\scene_017\metadata.json
18,mic_8,8,0.3,20.0,probe,0.5108374945580851,0.5546014689731318,0.35,0.5000000000000001,0.54,0.35,0.018183899044755272,1.8183899044755272,0.5706015806093897,19.91764796297055,27.183425512138804,26.769030615268406,7.265777549168256,6.851382652297858,19.91754308138171,27.180762535110826,26.766724143294045,7.263219453729118,6.849181061912336,0,0,0,results\week3\day1\das\audio\scene_018\mic0_single.wav,results\week3\day1\das\audio\scene_018\das_true_position.wav,results\week3\day1\das\audio\scene_018\das_est_position.wav,results\week3\day1\das\audio\scene_018\das_true_position_clean_reference.wav,results\week3\day1\das\audio\scene_018\das_est_position_clean_reference.wav,results\week3\day1\das\figures\scene_018\spectrogram_compare.png,results\week3\day1\das\scenes\scene_018\metadata.json
19,mic_8,8,0.3,20.0,probe,0.7277088503783629,0.4491843510379052,0.35,0.7400000000000001,0.38000000000000006,0.35,0.07026767953730621,7.026767953730621,0.6040951641208534,19.577928904282846,26.952250387664392,27.169033582487177,7.3743214833815465,7.591104678204331,19.571900896544193,26.95061929135848,27.16645670946505,7.378718394814285,7.594555812920856,0,0,0,results\week3\day1\das\audio\scene_019\mic0_single.wav,results\week3\day1\das\audio\scene_019\das_true_position.wav,results\week3\day1\das\audio\scene_019\das_est_position.wav,results\week3\day1\das\audio\scene_019\das_true_position_clean_reference.wav,results\week3\day1\das\audio\scene_019\das_est_position_clean_reference.wav,results\week3\day1\das\figures\scene_019\spectrogram_compare.png,results\week3\day1\das\scenes\scene_019\metadata.json
20,mic_8,8,0.3,20.0,probe,0.8090201278998418,0.23222142239241922,0.35,0.8200000000000001,0.24000000000000005,0.35,0.013455997210648933,1.3455997210648933,0.571663724898789,19.884378362131002,27.25913086454473,27.292225485118266,7.3747525024137275,7.407847122987263,19.800998519833797,25.942844264903698,25.971909546691347,6.141845745069901,6.170911026857549,0,0,0,results\week3\day1\das\audio\scene_020\mic0_single.wav,results\week3\day1\das\audio\scene_020\das_true_position.wav,results\week3\day1\das\audio\scene_020\das_est_position.wav,results\week3\day1\das\audio\scene_020\das_true_position_clean_reference.wav,results\week3\day1\das\audio\scene_020\das_est_position_clean_reference.wav,results\week3\day1\das\figures\scene_020\spectrogram_compare.png,results\week3\day1\das\scenes\scene_020\metadata.json
21,mic_8,8,0.3,20.0,probe,0.858312276160647,0.6407846512148747,0.35,0.8600000000000001,0.66,0.35,0.01928932452658563,1.928932452658563,0.5343955823131947,19.943561712948465,27.00336792807231,27.23877447926222,7.059806215123846,7.295212766313753,19.941680706449546,27.002363592420103,27.237462543847975,7.060682885970557,7.29578183739843,0,0,0,results\week3\day1\das\audio\scene_021\mic0_single.wav,results\week3\day1\das\audio\scene_021\das_true_position.wav,results\week3\day1\das\audio\scene_021\das_est_position.wav,results\week3\day1\das\audio\scene_021\das_true_position_clean_reference.wav,results\week3\day1\das\audio\scene_021\das_est_position_clean_reference.wav,results\week3\day1\das\figures\scene_021\spectrogram_compare.png,results\week3\day1\das\scenes\scene_021\metadata.json
22,mic_8,8,0.3,20.0,probe,0.4947275779507618,0.19316755206071703,0.35,0.56,0.2,0.35,0.06562904406599945,6.562904406599945,0.6158859731583644,20.077548604102567,27.35652808248533,26.624797706146488,7.278979478382762,6.547249102043921,20.119418365769054,27.25300306701228,26.550846623928457,7.133584701243226,6.4314282581594036,0,0,0,results\week3\day1\das\audio\scene_022\mic0_single.wav,results\week3\day1\das\audio\scene_022\das_true_position.wav,results\week3\day1\das\audio\scene_022\das_est_position.wav,results\week3\day1\das\audio\scene_022\das_true_position_clean_reference.wav,results\week3\day1\das\audio\scene_022\das_est_position_clean_reference.wav,results\week3\day1\das\figures\scene_022\spectrogram_compare.png,results\week3\day1\das\scenes\scene_022\metadata.json
23,mic_8,8,0.3,20.0,probe,0.30535388911620703,0.5945430155665478,0.35,0.28,0.54,0.35,0.06014781991402172,6.014781991402172,0.5746471960834706,20.072812051655152,26.72802924155601,27.052489653464843,6.655217189900856,6.979677601809691,20.07174458138865,26.726606752907912,27.051748194262956,6.654862171519262,6.980003612874306,0,0,0,results\week3\day1\das\audio\scene_023\mic0_single.wav,results\week3\day1\das\audio\scene_023\das_true_position.wav,results\week3\day1\das\audio\scene_023\das_est_position.wav,results\week3\day1\das\audio\scene_023\das_true_position_clean_reference.wav,results\week3\day1\das\audio\scene_023\das_est_position_clean_reference.wav,results\week3\day1\das\figures\scene_023\spectrogram_compare.png,results\week3\day1\das\scenes\scene_023\metadata.json
24,mic_8,8,0.3,20.0,probe,0.8290351733296961,0.31556485611060325,0.35,0.7600000000000001,0.38000000000000006,0.35,0.09443380181221363,9.443380181221363,0.5892523166525875,20.030553612090728,26.985590475073586,27.096688957562336,6.955036862982858,7.066135345471608,19.670735631059735,24.58851223301627,24.64912611839391,4.917776601956536,4.978390487334174,0,0,0,results\week3\day1\das\audio\scene_024\mic0_single.wav,results\week3\day1\das\audio\scene_024\das_true_position.wav,results\week3\day1\das\audio\scene_024\das_est_position.wav,results\week3\day1\das\audio\scene_024\das_true_position_clean_reference.wav,results\week3\day1\das\audio\scene_024\das_est_position_clean_reference.wav,results\week3\day1\das\figures\scene_024\spectrogram_compare.png,results\week3\day1\das\scenes\scene_024\metadata.json
25,mic_8,8,0.3,20.0,probe,0.8171796188783981,0.5927031427487154,0.35,0.7800000000000001,0.66,0.35,0.07688427053593412,7.688427053593412,0.5550604303050721,19.73906860748628,27.24884858076164,27.34380819872943,7.509779973275357,7.604739591243149,19.739197566580927,27.248604696224042,27.34395555242076,7.509407129643115,7.604757985839832,0,0,0,results\week3\day1\das\audio\scene_025\mic0_single.wav,results\week3\day1\das\audio\scene_025\das_true_position.wav,results\week3\day1\das\audio\scene_025\das_est_position.wav,results\week3\day1\das\audio\scene_025\das_true_position_clean_reference.wav,results\week3\day1\das\audio\scene_025\das_est_position_clean_reference.wav,results\week3\day1\das\figures\scene_025\spectrogram_compare.png,results\week3\day1\das\scenes\scene_025\metadata.json
26,mic_8,8,0.3,20.0,probe,0.23746729512497722,0.6615471955136091,0.35,0.32000000000000006,0.6200000000000001,0.35,0.09240030751590424,9.240030751590425,0.5346636354341159,19.959017211323772,26.850865115626085,26.864538951221064,6.891847904302313,6.905521739897292,19.96334242265427,26.273494763851247,26.28786163187248,6.310152341196975,6.324519209218209,0,0,0,results\week3\day1\das\audio\scene_026\mic0_single.wav,results\week3\day1\das\audio\scene_026\das_true_position.wav,results\week3\day1\das\audio\scene_026\das_est_position.wav,results\week3\day1\das\audio\scene_026\das_true_position_clean_reference.wav,results\week3\day1\das\audio\scene_026\das_est_position_clean_reference.wav,results\week3\day1\das\figures\scene_026\spectrogram_compare.png,results\week3\day1\das\scenes\scene_026\metadata.json
27,mic_8,8,0.3,20.0,probe,0.7120706002095353,0.08280517930574949,0.35,0.6200000000000001,0.08,0.35,0.09211332397585846,9.211332397585846,0.5450094467108346,19.7991426509165,26.95847841836763,26.8988410778519,7.159335767451129,7.099698426935397,19.798128738951707,26.95666386071253,26.896349372459593,7.158535121760824,7.098220633507886,0,0,0,results\week3\day1\das\audio\scene_027\mic0_single.wav,results\week3\day1\das\audio\scene_027\das_true_position.wav,results\week3\day1\das\audio\scene_027\das_est_position.wav,results\week3\day1\das\audio\scene_027\das_true_position_clean_reference.wav,results\week3\day1\das\audio\scene_027\das_est_position_clean_reference.wav,results\week3\day1\das\figures\scene_027\spectrogram_compare.png,results\week3\day1\das\scenes\scene_027\metadata.json
28,mic_8,8,0.3,20.0,probe,0.1117841522041429,0.08256999170018413,0.35,0.1,0.08,0.35,0.012061140099900216,1.2061140099900216,0.5302919070904386,21.766860185471742,26.46422708507105,25.860652008038496,4.697366899599309,4.093791822566754,21.769875227025352,26.46855304479522,25.865262996967356,4.69867781776987,4.095387769942004,0,0,0,results\week3\day1\das\audio\scene_028\mic0_single.wav,results\week3\day1\das\audio\scene_028\das_true_position.wav,results\week3\day1\das\audio\scene_028\das_est_position.wav,results\week3\day1\das\audio\scene_028\das_true_position_clean_reference.wav,results\week3\day1\das\audio\scene_028\das_est_position_clean_reference.wav,results\week3\day1\das\figures\scene_028\spectrogram_compare.png,results\week3\day1\das\scenes\scene_028\metadata.json
29,mic_8,8,0.3,20.0,probe,1.0976885892599557,0.6295372522535229,0.35,1.1200000000000003,0.66,0.35,0.03775947628710544,3.7759476287105436,0.6099938139777817,19.68720351583932,26.8777144832466,26.42198562322846,7.190510967407278,6.734782107389137,19.701419368920206,26.886330105959004,26.43137048899041,7.184910737038798,6.729951120070204,0,0,0,results\week3\day1\das\audio\scene_029\mic0_single.wav,results\week3\day1\das\audio\scene_029\das_true_position.wav,results\week3\day1\das\audio\scene_029\das_est_position.wav,results\week3\day1\das\audio\scene_029\das_true_position_clean_reference.wav,results\week3\day1\das\audio\scene_029\das_est_position_clean_reference.wav,results\week3\day1\das\figures\scene_029\spectrogram_compare.png,results\week3\day1\das\scenes\scene_029\metadata.json
30,mic_8,8,0.3,20.0,probe,1.0039523912659731,0.12716219107844276,0.35,1.0200000000000002,0.12000000000000001,0.35,0.01757335275707365,1.757335275707365,0.6077473930750587,19.909320152205815,27.201846393623853,26.786655100957233,7.292526241418038,6.877334948751418,19.754651851430573,25.549823007687017,25.276136646172507,5.795171156256444,5.521484794741934,0,0,0,results\week3\day1\das\audio\scene_030\mic0_single.wav,results\week3\day1\das\audio\scene_030\das_true_position.wav,results\week3\day1\das\audio\scene_030\das_est_position.wav,results\week3\day1\das\audio\scene_030\das_true_position_clean_reference.wav,results\week3\day1\das\audio\scene_030\das_est_position_clean_reference.wav,results\week3\day1\das\figures\scene_030\spectrogram_compare.png,results\week3\day1\das\scenes\scene_030\metadata.json
31,mic_8,8,0.3,20.0,probe,0.928369224040052,0.1821971582308891,0.35,0.8600000000000001,0.2,0.35,0.07064907622110005,7.064907622110004,0.5331887418400789,19.472459976679385,27.410112603525295,26.746158853650655,7.93765262684591,7.27369887697127,19.470302638956532,26.438250457914062,25.921772650133626,6.96794781895753,6.4514700111770935,0,0,0,results\week3\day1\das\audio\scene_031\mic0_single.wav,results\week3\day1\das\audio\scene_031\das_true_position.wav,results\week3\day1\das\audio\scene_031\das_est_position.wav,results\week3\day1\das\audio\scene_031\das_true_position_clean_reference.wav,results\week3\day1\das\audio\scene_031\das_est_position_clean_reference.wav,results\week3\day1\das\figures\scene_031\spectrogram_compare.png,results\week3\day1\das\scenes\scene_031\metadata.json
32,mic_8,8,0.3,20.0,probe,0.9337649621140129,0.5695258338676922,0.35,0.8800000000000001,0.52,0.35,0.07309910650214185,7.309910650214185,0.534816181560006,19.988193765629635,26.724878643273303,27.339956623837093,6.736684877643668,7.351762858207458,19.767800408919385,24.98733403668104,25.363866314363204,5.219533627761656,5.596065905443819,0,0,0,results\week3\day1\das\audio\scene_032\mic0_single.wav,results\week3\day1\das\audio\scene_032\das_true_position.wav,results\week3\day1\das\audio\scene_032\das_est_position.wav,results\week3\day1\das\audio\scene_032\das_true_position_clean_reference.wav,results\week3\day1\das\audio\scene_032\das_est_position_clean_reference.wav,results\week3\day1\das\figures\scene_032\spectrogram_compare.png,results\week3\day1\das\scenes\scene_032\metadata.json
33,mic_8,8,0.3,20.0,probe,0.1419992620562693,0.5887839962051278,0.35,0.08,0.54,0.35,0.0788909803543084,7.88909803543084,0.5553860094149576,19.853267433683463,26.626804626541546,26.298893429464005,6.7735371928580825,6.445625995780542,19.855642993943118,26.627232731340168,26.300423243134425,6.771589737397051,6.444780249191307,0,0,0,results\week3\day1\das\audio\scene_033\mic0_single.wav,results\week3\day1\das\audio\scene_033\das_true_position.wav,results\week3\day1\das\audio\scene_033\das_est_position.wav,results\week3\day1\das\audio\scene_033\das_true_position_clean_reference.wav,results\week3\day1\das\audio\scene_033\das_est_position_clean_reference.wav,results\week3\day1\das\figures\scene_033\spectrogram_compare.png,results\week3\day1\das\scenes\scene_033\metadata.json
34,mic_8,8,0.3,20.0,probe,0.7723456543035272,0.3939240254289402,0.35,0.8000000000000002,0.38000000000000006,0.35,0.03096193340290307,3.096193340290307,0.5355357602822163,19.666076308087924,27.483633577003665,27.75772329845832,7.817557268915742,8.091646990370396,19.712599264573278,27.346134327589652,27.605660436074203,7.6335350630163745,7.893061171500925,0,0,0,results\week3\day1\das\audio\scene_034\mic0_single.wav,results\week3\day1\das\audio\scene_034\das_true_position.wav,results\week3\day1\das\audio\scene_034\das_est_position.wav,results\week3\day1\das\audio\scene_034\das_true_position_clean_reference.wav,results\week3\day1\das\audio\scene_034\das_est_position_clean_reference.wav,results\week3\day1\das\figures\scene_034\spectrogram_compare.png,results\week3\day1\das\scenes\scene_034\metadata.json
35,mic_8,8,0.3,20.0,probe,1.0299318622084046,0.2792250800682904,0.35,1.0400000000000003,0.26000000000000006,0.35,0.021701868634353368,2.1701868634353367,0.5390593852969924,19.391227201917754,26.91310527063873,26.384266950371735,7.5218780687209765,6.993039748453981,19.408788689943947,26.22214475395858,25.792629054857393,6.813356064014634,6.383840364913446,0,0,0,results\week3\day1\das\audio\scene_035\mic0_single.wav,results\week3\day1\das\audio\scene_035\das_true_position.wav,results\week3\day1\das\audio\scene_035\das_est_position.wav,results\week3\day1\das\audio\scene_035\das_true_position_clean_reference.wav,results\week3\day1\das\audio\scene_035\das_est_position_clean_reference.wav,results\week3\day1\das\figures\scene_035\spectrogram_compare.png,results\week3\day1\das\scenes\scene_035\metadata.json
36,mic_8,8,0.3,20.0,probe,1.009740955509871,0.2818282724644413,0.35,1.1200000000000003,0.2,0.35,0.13730594694473777,13.730594694473778,0.5287179142821485,19.582870653696133,27.112136069217367,26.728657764779374,7.529265415521234,7.145787111083241,19.28733919158047,24.619740566883994,24.41951933934371,5.332401375303522,5.13218014776324,0,0,0,results\week3\day1\das\audio\scene_036\mic0_single.wav,results\week3\day1\das\audio\scene_036\das_true_position.wav,results\week3\day1\das\audio\scene_036\das_est_position.wav,results\week3\day1\das\audio\scene_036\das_true_position_clean_reference.wav,results\week3\day1\das\audio\scene_036\das_est_position_clean_reference.wav,results\week3\day1\das\figures\scene_036\spectrogram_compare.png,results\week3\day1\das\scenes\scene_036\metadata.json
37,mic_8,8,0.3,20.0,probe,0.9371691553678223,0.24309363315064259,0.35,0.8600000000000001,0.22000000000000003,0.35,0.08055057065148291,8.055057065148292,0.5127505503188112,19.61897107432229,27.119957169710712,26.999725364630876,7.5009860953884235,7.380754290308587,19.53470217104534,25.717979390890413,25.642570083354755,6.183277219845074,6.107867912309416,0,0,0,results\week3\day1\das\audio\scene_037\mic0_single.wav,results\week3\day1\das\audio\scene_037\das_true_position.wav,results\week3\day1\das\audio\scene_037\das_est_position.wav,results\week3\day1\das\audio\scene_037\das_true_position_clean_reference.wav,results\week3\day1\das\audio\scene_037\das_est_position_clean_reference.wav,results\week3\day1\das\figures\scene_037\spectrogram_compare.png,results\week3\day1\das\scenes\scene_037\metadata.json
38,mic_8,8,0.3,20.0,probe,0.5805399535971084,0.5798347578349268,0.35,0.6000000000000001,0.6000000000000001,0.35,0.028023747029595238,2.802374702959524,0.6452860240532652,19.94176290882286,27.449292200216817,26.70283274321729,7.507529291393958,6.76106983439443,19.9707819566439,27.437245829331328,26.69894929924206,7.466463872687427,6.728167342598159,0,0,0,results\week3\day1\das\audio\scene_038\mic0_single.wav,results\week3\day1\das\audio\scene_038\das_true_position.wav,results\week3\day1\das\audio\scene_038\das_est_position.wav,results\week3\day1\das\audio\scene_038\das_true_position_clean_reference.wav,results\week3\day1\das\audio\scene_038\das_est_position_clean_reference.wav,results\week3\day1\das\figures\scene_038\spectrogram_compare.png,results\week3\day1\das\scenes\scene_038\metadata.json
39,mic_8,8,0.3,20.0,probe,0.4426277933800297,0.22364945767378935,0.35,0.4600000000000001,0.22000000000000003,0.35,0.01775139724527964,1.7751397245279639,0.5856893740570634,20.051106199602962,27.028458550092196,27.401270365292977,6.977352350489234,7.350164165690014,20.051246401592195,27.028165527978803,27.401402701595046,6.976919126386608,7.350156300002851,0,0,0,results\week3\day1\das\audio\scene_039\mic0_single.wav,results\week3\day1\das\audio\scene_039\das_true_position.wav,results\week3\day1\das\audio\scene_039\das_est_position.wav,results\week3\day1\das\audio\scene_039\das_true_position_clean_reference.wav,results\week3\day1\das\audio\scene_039\das_est_position_clean_reference.wav,results\week3\day1\das\figures\scene_039\spectrogram_compare.png,results\week3\day1\das\scenes\scene_039\metadata.json
40,mic_8,8,0.3,20.0,probe,0.774674676202479,0.2021938862293053,0.35,0.7000000000000001,0.2,0.35,0.07470689662094261,7.470689662094261,0.5763737941689631,19.676892412243376,27.640081352834155,27.564938928073524,7.963188940590779,7.888046515830148,19.72244072949912,27.385979497697868,27.31008230687651,7.663538768198748,7.58764157737739,0,0,0,results\week3\day1\das\audio\scene_040\mic0_single.wav,results\week3\day1\das\audio\scene_040\das_true_position.wav,results\week3\day1\das\audio\scene_040\das_est_position.wav,results\week3\day1\das\audio\scene_040\das_true_position_clean_reference.wav,results\week3\day1\das\audio\scene_040\das_est_position_clean_reference.wav,results\week3\day1\das\figures\scene_040\spectrogram_compare.png,results\week3\day1\das\scenes\scene_040\metadata.json
41,mic_8,8,0.3,20.0,probe,0.8897120207495502,0.09941359720273635,0.35,0.9000000000000001,0.14,0.35,0.0418700204093504,4.18700204093504,0.5708708511459879,19.6646676833913,27.036033013721475,27.193037135984994,7.371365330330175,7.528369452593694,19.665665953833113,27.035575691150058,27.19333456876941,7.369909737316945,7.527668614936296,0,0,0,results\week3\day1\das\audio\scene_041\mic0_single.wav,results\week3\day1\das\audio\scene_041\das_true_position.wav,results\week3\day1\das\audio\scene_041\das_est_position.wav,results\week3\day1\das\audio\scene_041\das_true_position_clean_reference.wav,results\week3\day1\das\audio\scene_041\das_est_position_clean_reference.wav,results\week3\day1\das\figures\scene_041\spectrogram_compare.png,results\week3\day1\das\scenes\scene_041\metadata.json
42,mic_8,8,0.3,20.0,probe,0.35522743543866175,0.12429728091821379,0.35,0.3400000000000001,0.18000000000000002,0.35,0.05774658174422968,5.774658174422968,0.5287492259160587,20.48046028770127,27.794572968413753,26.838961581592287,7.314112680712483,6.358501293891017,20.482976341594274,27.794639183598374,26.839836693107912,7.3116628420041,6.356860351513639,0,0,0,results\week3\day1\das\audio\scene_042\mic0_single.wav,results\week3\day1\das\audio\scene_042\das_true_position.wav,results\week3\day1\das\audio\scene_042\das_est_position.wav,results\week3\day1\das\audio\scene_042\das_true_position_clean_reference.wav,results\week3\day1\das\audio\scene_042\das_est_position_clean_reference.wav,results\week3\day1\das\figures\scene_042\spectrogram_compare.png,results\week3\day1\das\scenes\scene_042\metadata.json
43,mic_8,8,0.3,20.0,probe,0.6542845231341077,0.11595392999157661,0.35,0.64,0.08,0.35,0.03868762958631672,3.868762958631672,0.6204431776040187,19.84055232396299,27.493591861227983,27.05536619684105,7.653039537264995,7.214813872878061,19.839649999182896,27.493973059273358,27.05620329679047,7.654323060090462,7.216553297607575,0,0,0,results\week3\day1\das\audio\scene_043\mic0_single.wav,results\week3\day1\das\audio\scene_043\das_true_position.wav,results\week3\day1\das\audio\scene_043\das_est_position.wav,results\week3\day1\das\audio\scene_043\das_true_position_clean_reference.wav,results\week3\day1\das\audio\scene_043\das_est_position_clean_reference.wav,results\week3\day1\das\figures\scene_043\spectrogram_compare.png,results\week3\day1\das\scenes\scene_043\metadata.json
44,mic_8,8,0.3,20.0,probe,0.29679165797752727,0.29899307665600083,0.35,0.30000000000000004,0.36000000000000004,0.35,0.061091228130016835,6.109122813001684,0.5590884934263094,21.08402323948022,26.62817275667788,26.61827292348154,5.54414951719766,5.5342496840013204,21.11770206322987,26.578972058567683,26.57152052570174,5.461269995337812,5.453818462471869,0,0,0,results\week3\day1\das\audio\scene_044\mic0_single.wav,results\week3\day1\das\audio\scene_044\das_true_position.wav,results\week3\day1\das\audio\scene_044\das_est_position.wav,results\week3\day1\das\audio\scene_044\das_true_position_clean_reference.wav,results\week3\day1\das\audio\scene_044\das_est_position_clean_reference.wav,results\week3\day1\das\figures\scene_044\spectrogram_compare.png,results\week3\day1\das\scenes\scene_044\metadata.json
45,mic_8,8,0.3,20.0,probe,0.22836226034722606,0.4977373011440161,0.35,0.24000000000000005,0.5000000000000001,0.35,0.011855664904956584,1.1855664904956584,0.5381326753815254,20.17946197118773,27.055844893452917,26.772996743363223,6.876382922265186,6.5935347721754916,20.214765514520355,27.02673217803315,26.74935779317525,6.811966663512795,6.534592278654895,0,0,0,results\week3\day1\das\audio\scene_045\mic0_single.wav,results\week3\day1\das\audio\scene_045\das_true_position.wav,results\week3\day1\das\audio\scene_045\das_est_position.wav,results\week3\day1\das\audio\scene_045\das_true_position_clean_reference.wav,results\week3\day1\das\audio\scene_045\das_est_position_clean_reference.wav,results\week3\day1\das\figures\scene_045\spectrogram_compare.png,results\week3\day1\das\scenes\scene_045\metadata.json
46,mic_8,8,0.3,20.0,probe,0.12450601973615832,0.1632643750274141,0.35,0.08,0.12000000000000001,0.35,0.062069251157622685,6.206925115762268,0.5696060633749194,21.281308193292933,26.868734721215745,27.033146824695553,5.587426527922812,5.75183863140262,21.310496632213173,26.85607799204975,27.018987134186577,5.545581359836579,5.7084905019734045,0,0,0,results\week3\day1\das\audio\scene_046\mic0_single.wav,results\week3\day1\das\audio\scene_046\das_true_position.wav,results\week3\day1\das\audio\scene_046\das_est_position.wav,results\week3\day1\das\audio\scene_046\das_true_position_clean_reference.wav,results\week3\day1\das\audio\scene_046\das_est_position_clean_reference.wav,results\week3\day1\das\figures\scene_046\spectrogram_compare.png,results\week3\day1\das\scenes\scene_046\metadata.json
47,mic_8,8,0.3,20.0,probe,0.43391450467239995,0.2507633769007755,0.35,0.5000000000000001,0.24000000000000005,0.35,0.06695627659153702,6.695627659153702,0.5668769099734179,20.00562293898565,27.15746558775146,27.29543658020139,7.151842648765811,7.289813641215741,19.92308445255427,25.968277620249008,26.067689670212747,6.0451931676947375,6.1446052176584764,0,0,0,results\week3\day1\das\audio\scene_047\mic0_single.wav,results\week3\day1\das\audio\scene_047\das_true_position.wav,results\week3\day1\das\audio\scene_047\das_est_position.wav,results\week3\day1\das\audio\scene_047\das_true_position_clean_reference.wav,results\week3\day1\das\audio\scene_047\das_est_position_clean_reference.wav,results\week3\day1\das\figures\scene_047\spectrogram_compare.png,results\week3\day1\das\scenes\scene_047\metadata.json
48,mic_8,8,0.3,20.0,probe,0.16757260084106418,0.47072745424987256,0.35,0.16000000000000003,0.52,0.35,0.04985105864669766,4.985105864669766,0.516497502979525,20.23076839284043,26.887770477742595,26.94643609532578,6.657002084902164,6.715667702485348,20.228183185617358,26.88832984203178,26.94689285627854,6.6601466564144225,6.718709670661184,0,0,0,results\week3\day1\das\audio\scene_048\mic0_single.wav,results\week3\day1\das\audio\scene_048\das_true_position.wav,results\week3\day1\das\audio\scene_048\das_est_position.wav,results\week3\day1\das\audio\scene_048\das_true_position_clean_reference.wav,results\week3\day1\das\audio\scene_048\das_est_position_clean_reference.wav,results\week3\day1\das\figures\scene_048\spectrogram_compare.png,results\week3\day1\das\scenes\scene_048\metadata.json
49,mic_8,8,0.3,20.0,probe,0.8049777252495088,0.13164938717917557,0.35,0.8200000000000001,0.2,0.35,0.06998196204495481,6.998196204495481,0.5603807757690208,19.736825921989084,26.946101792021878,26.667779861201453,7.209275870032794,6.930953939212369,19.71444038073983,26.06468468382839,25.849093317172684,6.350244303088559,6.134652936432854,0,0,0,results\week3\day1\das\audio\scene_049\mic0_single.wav,results\week3\day1\das\audio\scene_049\das_true_position.wav,results\week3\day1\das\audio\scene_049\das_est_position.wav,results\week3\day1\das\audio\scene_049\das_true_position_clean_reference.wav,results\week3\day1\das\audio\scene_049\das_est_position_clean_reference.wav,results\week3\day1\das\figures\scene_049\spectrogram_compare.png,results\week3\day1\das\scenes\scene_049\metadata.json
50,mic_8,8,0.3,20.0,probe,0.16526639722369907,0.22220277807762612,0.35,0.14,0.2,0.35,0.033635608854754834,3.3635608854754833,0.5583233161068137,20.78175972946753,27.1752183933775,27.407286018573018,6.393458663909968,6.625526289105487,20.794344593585613,27.182652228452593,27.414657700023646,6.38830763486698,6.620313106438033,0,0,0,results\week3\day1\das\audio\scene_050\mic0_single.wav,results\week3\day1\das\audio\scene_050\das_true_position.wav,results\week3\day1\das\audio\scene_050\das_est_position.wav,results\week3\day1\das\audio\scene_050\das_true_position_clean_reference.wav,results\week3\day1\das\audio\scene_050\das_est_position_clean_reference.wav,results\week3\day1\das\figures\scene_050\spectrogram_compare.png,results\week3\day1\das\scenes\scene_050\metadata.json
51,mic_8,8,0.3,20.0,probe,0.4146712393324524,0.6425282326403331,0.35,0.4200000000000001,0.66,0.35,0.018266317223850186,1.8266317223850186,0.6176301830539254,19.838631923564453,27.062640341785947,27.18455532334292,7.224008418221494,7.345923399778467,19.838661054792517,27.060980634292157,27.184429944523107,7.22231957949964,7.345768889730589,0,0,0,results\week3\day1\das\audio\scene_051\mic0_single.wav,results\week3\day1\das\audio\scene_051\das_true_position.wav,results\week3\day1\das\audio\scene_051\das_est_position.wav,results\week3\day1\das\audio\scene_051\das_true_position_clean_reference.wav,results\week3\day1\das\audio\scene_051\das_est_position_clean_reference.wav,results\week3\day1\das\figures\scene_051\spectrogram_compare.png,results\week3\day1\das\scenes\scene_051\metadata.json
52,mic_8,8,0.3,20.0,probe,1.08385524894343,0.3643695642848768,0.35,1.1000000000000003,0.36000000000000004,0.35,0.01672561146022158,1.672561146022158,0.6287666554583269,19.570790722627713,27.458048395713924,26.885104280156618,7.887257673086211,7.314313557528905,19.56709587067081,27.45961684087184,26.88678076216718,7.89252097020103,7.319684891496372,0,0,0,results\week3\day1\das\audio\scene_052\mic0_single.wav,results\week3\day1\das\audio\scene_052\das_true_position.wav,results\week3\day1\das\audio\scene_052\das_est_position.wav,results\week3\day1\das\audio\scene_052\das_true_position_clean_reference.wav,results\week3\day1\das\audio\scene_052\das_est_position_clean_reference.wav,results\week3\day1\das\figures\scene_052\spectrogram_compare.png,results\week3\day1\das\scenes\scene_052\metadata.json
53,mic_8,8,0.3,20.0,probe,0.47084831830544743,0.20900357239623119,0.35,0.4800000000000001,0.2,0.35,0.012838130460958332,1.2838130460958332,0.6133478101977818,20.17242555768345,26.909308659113815,27.529485645824497,6.736883101430365,7.357060088141047,20.028000139027714,25.49377986015798,25.910550186030562,5.465779721130264,5.882550047002848,0,0,0,results\week3\day1\das\audio\scene_053\mic0_single.wav,results\week3\day1\das\audio\scene_053\das_true_position.wav,results\week3\day1\das\audio\scene_053\das_est_position.wav,results\week3\day1\das\audio\scene_053\das_true_position_clean_reference.wav,results\week3\day1\das\audio\scene_053\das_est_position_clean_reference.wav,results\week3\day1\das\figures\scene_053\spectrogram_compare.png,results\week3\day1\das\scenes\scene_053\metadata.json
54,mic_8,8,0.3,20.0,probe,0.547003035019325,0.18261023942550947,0.35,0.56,0.18000000000000002,0.35,0.013256487037197194,1.3256487037197193,0.591480148160586,19.867879391626822,27.76034995231106,27.436700883954167,7.892470560684238,7.568821492327345,19.86958125091444,27.75964707271248,27.436472467962126,7.890065821798039,7.5668912170476865,0,0,0,results\week3\day1\das\audio\scene_054\mic0_single.wav,results\week3\day1\das\audio\scene_054\das_true_position.wav,results\week3\day1\das\audio\scene_054\das_est_position.wav,results\week3\day1\das\audio\scene_054\das_true_position_clean_reference.wav,results\week3\day1\das\audio\scene_054\das_est_position_clean_reference.wav,results\week3\day1\das\figures\scene_054\spectrogram_compare.png,results\week3\day1\das\scenes\scene_054\metadata.json
55,mic_8,8,0.3,20.0,probe,0.8239909586775219,0.08535460794018199,0.35,0.8400000000000001,0.08,0.35,0.016880794716418807,1.6880794716418808,0.5565056101218909,19.626901187803732,27.183450368978278,26.688116680613724,7.556549181174546,7.061215492809993,19.626111664736005,27.183226599091142,26.687998570187087,7.557114934355138,7.061886905451082,0,0,0,results\week3\day1\das\audio\scene_055\mic0_single.wav,results\week3\day1\das\audio\scene_055\das_true_position.wav,results\week3\day1\das\audio\scene_055\das_est_position.wav,results\week3\day1\das\audio\scene_055\das_true_position_clean_reference.wav,results\week3\day1\das\audio\scene_055\das_est_position_clean_reference.wav,results\week3\day1\das\figures\scene_055\spectrogram_compare.png,results\week3\day1\das\scenes\scene_055\metadata.json
56,mic_8,8,0.3,20.0,probe,1.0152188724782776,0.21525807158977556,0.35,1.0600000000000003,0.22000000000000003,0.35,0.04503149194912916,4.503149194912916,0.5741381505155038,19.649379512983202,27.433085622014765,27.80866257030741,7.783706109031563,8.159283057324206,19.647267945096825,27.434010751681882,27.810555738674566,7.786742806585057,8.16328779357774,0,0,0,results\week3\day1\das\audio\scene_056\mic0_single.wav,results\week3\day1\das\audio\scene_056\das_true_position.wav,results\week3\day1\das\audio\scene_056\das_est_position.wav,results\week3\day1\das\audio\scene_056\das_true_position_clean_reference.wav,results\week3\day1\das\audio\scene_056\das_est_position_clean_reference.wav,results\week3\day1\das\figures\scene_056\spectrogram_compare.png,results\week3\day1\das\scenes\scene_056\metadata.json
57,mic_8,8,0.3,20.0,probe,0.12145330840822965,0.6023193205439533,0.35,0.14,0.52,0.35,0.08438276070275479,8.438276070275478,0.4937164823568081,19.853549479324105,26.850094217432385,26.89571198698474,6.99654473810828,7.042162507660635,19.882286428425317,26.43974723097753,26.487607886713256,6.557460802552214,6.605321458287939,0,0,0,results\week3\day1\das\audio\scene_057\mic0_single.wav,results\week3\day1\das\audio\scene_057\das_true_position.wav,results\week3\day1\das\audio\scene_057\das_est_position.wav,results\week3\day1\das\audio\scene_057\das_true_position_clean_reference.wav,results\week3\day1\das\audio\scene_057\das_est_position_clean_reference.wav,results\week3\day1\das\figures\scene_057\spectrogram_compare.png,results\week3\day1\das\scenes\scene_057\metadata.json
58,mic_8,8,0.3,20.0,probe,1.0280683687681977,0.4737776575458625,0.35,1.0600000000000003,0.4000000000000001,0.35,0.08039136661407353,8.039136661407353,0.5476143122387791,19.823026610278326,27.080051934348276,27.132404621680323,7.25702532406995,7.309378011401996,19.855491856077485,27.058477722310815,27.110349672918616,7.20298586623333,7.254857816841131,0,0,0,results\week3\day1\das\audio\scene_058\mic0_single.wav,results\week3\day1\das\audio\scene_058\das_true_position.wav,results\week3\day1\das\audio\scene_058\das_est_position.wav,results\week3\day1\das\audio\scene_058\das_true_position_clean_reference.wav,results\week3\day1\das\audio\scene_058\das_est_position_clean_reference.wav,results\week3\day1\das\figures\scene_058\spectrogram_compare.png,results\week3\day1\das\scenes\scene_058\metadata.json
59,mic_8,8,0.3,20.0,probe,0.4427160942828462,0.5725917401043458,0.35,0.4600000000000001,0.5800000000000001,0.35,0.01880467259808116,1.8804672598081158,0.5657775479532513,19.759755886418247,27.308650948565166,27.2987656993584,7.548895062146919,7.539009812940151,19.758197153465808,27.310163618635336,27.30112621476821,7.551966465169528,7.542929061302402,0,0,0,results\week3\day1\das\audio\scene_059\mic0_single.wav,results\week3\day1\das\audio\scene_059\das_true_position.wav,results\week3\day1\das\audio\scene_059\das_est_position.wav,results\week3\day1\das\audio\scene_059\das_true_position_clean_reference.wav,results\week3\day1\das\audio\scene_059\das_est_position_clean_reference.wav,results\week3\day1\das\figures\scene_059\spectrogram_compare.png,results\week3\day1\das\scenes\scene_059\metadata.json
60,mic_8,8,0.3,20.0,probe,0.5046061191795703,0.5769978869176154,0.35,0.5800000000000001,0.6200000000000001,0.35,0.08679527057804108,8.679527057804108,0.5830033658392345,19.724135180240317,27.158913188057806,27.232245416184057,7.4347780078174885,7.5081102359437395,19.728263083119497,27.160622462118795,27.233971830057804,7.432359378999298,7.505708746938307,0,0,0,results\week3\day1\das\audio\scene_060\mic0_single.wav,results\week3\day1\das\audio\scene_060\das_true_position.wav,results\week3\day1\das\audio\scene_060\das_est_position.wav,results\week3\day1\das\audio\scene_060\das_true_position_clean_reference.wav,results\week3\day1\das\audio\scene_060\das_est_position_clean_reference.wav,results\week3\day1\das\figures\scene_060\spectrogram_compare.png,results\week3\day1\das\scenes\scene_060\metadata.json
61,mic_8,8,0.3,20.0,probe,1.0593068139034127,0.14010869007188523,0.35,1.0600000000000003,0.14,0.35,0.0007016555395838237,0.07016555395838238,0.5120777322711221,19.415889451472218,26.741645745967016,26.966125571367684,7.3257562944947985,7.550236119895466,19.41347162316979,26.739079603878654,26.963569299269686,7.325607980708863,7.550097676099895,0,0,0,results\week3\day1\das\audio\scene_061\mic0_single.wav,results\week3\day1\das\audio\scene_061\das_true_position.wav,results\week3\day1\das\audio\scene_061\das_est_position.wav,results\week3\day1\das\audio\scene_061\das_true_position_clean_reference.wav,results\week3\day1\das\audio\scene_061\das_est_position_clean_reference.wav,results\week3\day1\das\figures\scene_061\spectrogram_compare.png,results\week3\day1\das\scenes\scene_061\metadata.json
62,mic_8,8,0.3,20.0,probe,0.2069952068475857,0.5876006993086481,0.35,0.14,0.54,0.35,0.08218384461208372,8.218384461208373,0.6002484376867502,19.862999049109455,26.87692009769911,26.709986347345644,7.013921048589655,6.84698729823619,19.906892326379936,26.703890880560436,26.548193831080397,6.796998554180501,6.641301504700461,0,0,0,results\week3\day1\das\audio\scene_062\mic0_single.wav,results\week3\day1\das\audio\scene_062\das_true_position.wav,results\week3\day1\das\audio\scene_062\das_est_position.wav,results\week3\day1\das\audio\scene_062\das_true_position_clean_reference.wav,results\week3\day1\das\audio\scene_062\das_est_position_clean_reference.wav,results\week3\day1\das\figures\scene_062\spectrogram_compare.png,results\week3\day1\das\scenes\scene_062\metadata.json
63,mic_8,8,0.3,20.0,probe,0.8082294976013419,0.5334075936022677,0.35,0.8000000000000002,0.52,0.35,0.015731757593290707,1.5731757593290707,0.5652000387761783,19.871836485452818,27.372168915166107,26.824570599179157,7.500332429713289,6.95273411372634,19.582239628746716,24.94921857892819,24.649962506294308,5.366978950181473,5.067722877547592,0,0,0,results\week3\day1\das\audio\scene_063\mic0_single.wav,results\week3\day1\das\audio\scene_063\das_true_position.wav,results\week3\day1\das\audio\scene_063\das_est_position.wav,results\week3\day1\das\audio\scene_063\das_true_position_clean_reference.wav,results\week3\day1\das\audio\scene_063\das_est_position_clean_reference.wav,results\week3\day1\das\figures\scene_063\spectrogram_compare.png,results\week3\day1\das\scenes\scene_063\metadata.json
64,mic_8,8,0.3,20.0,probe,0.10569813229501918,0.5968418258477886,0.35,0.08,0.54,0.35,0.06238098403490142,6.2380984034901426,0.5897514466319302,20.0655720785616,26.74094198544868,26.784264504674148,6.675369906887077,6.718692426112547,20.061860539215942,26.739471700753057,26.781861907733592,6.677611161537115,6.72000136851765,0,0,0,results\week3\day1\das\audio\scene_064\mic0_single.wav,results\week3\day1\das\audio\scene_064\das_true_position.wav,results\week3\day1\das\audio\scene_064\das_est_position.wav,results\week3\day1\das\audio\scene_064\das_true_position_clean_reference.wav,results\week3\day1\das\audio\scene_064\das_est_position_clean_reference.wav,results\week3\day1\das\figures\scene_064\spectrogram_compare.png,results\week3\day1\das\scenes\scene_064\metadata.json
65,mic_8,8,0.3,20.0,probe,0.6996171189607949,0.323029339741675,0.35,0.6000000000000001,0.3400000000000001,0.35,0.10105233149043442,10.105233149043443,0.5971152674549584,20.05815786606088,27.742024925206806,27.02746710997841,7.683867059145925,6.969309243917529,20.08328169342785,27.302359770627405,26.6740122523382,7.219078077199555,6.5907305589103515,0,0,0,results\week3\day1\das\audio\scene_065\mic0_single.wav,results\week3\day1\das\audio\scene_065\das_true_position.wav,results\week3\day1\das\audio\scene_065\das_est_position.wav,results\week3\day1\das\audio\scene_065\das_true_position_clean_reference.wav,results\week3\day1\das\audio\scene_065\das_est_position_clean_reference.wav,results\week3\day1\das\figures\scene_065\spectrogram_compare.png,results\week3\day1\das\scenes\scene_065\metadata.json
66,mic_8,8,0.3,20.0,probe,0.4298590093224928,0.6432417955649078,0.35,0.4200000000000001,0.66,0.35,0.01944318597116593,1.944318597116593,0.5930925553234732,19.91993869123741,27.381925579833958,27.440958443196102,7.461986888596549,7.521019751958693,19.923952581600982,27.38363162625658,27.442974192533086,7.459679044655598,7.5190216109321035,0,0,0,results\week3\day1\das\audio\scene_066\mic0_single.wav,results\week3\day1\das\audio\scene_066\das_true_position.wav,results\week3\day1\das\audio\scene_066\das_est_position.wav,results\week3\day1\das\audio\scene_066\das_true_position_clean_reference.wav,results\week3\day1\das\audio\scene_066\das_est_position_clean_reference.wav,results\week3\day1\das\figures\scene_066\spectrogram_compare.png,results\week3\day1\das\scenes\scene_066\metadata.json
67,mic_8,8,0.3,20.0,probe,0.38489015316974945,0.6614806442145023,0.35,0.38000000000000006,0.66,0.35,0.0051093938303431756,0.5109393830343175,0.601695678907626,19.752544393151133,27.297808711816394,26.947753947322685,7.545264318665261,7.1952095541715515,19.782267927933546,27.29235059523479,26.94559657838461,7.510082667301244,7.163328650451064,0,0,0,results\week3\day1\das\audio\scene_067\mic0_single.wav,results\week3\day1\das\audio\scene_067\das_true_position.wav,results\week3\day1\das\audio\scene_067\das_est_position.wav,results\week3\day1\das\audio\scene_067\das_true_position_clean_reference.wav,results\week3\day1\das\audio\scene_067\das_est_position_clean_reference.wav,results\week3\day1\das\figures\scene_067\spectrogram_compare.png,results\week3\day1\das\scenes\scene_067\metadata.json
68,mic_8,8,0.3,20.0,probe,0.4906950377647615,0.3131176507710565,0.35,0.5800000000000001,0.36000000000000004,0.35,0.10086293149151483,10.086293149151484,0.5546567019226019,20.255408966558047,27.430482530494032,27.027309650013535,7.175073563935985,6.771900683455488,20.254732589716518,27.429192432813426,27.026711421812564,7.174459843096908,6.771978832096046,0,0,0,results\week3\day1\das\audio\scene_068\mic0_single.wav,results\week3\day1\das\audio\scene_068\das_true_position.wav,results\week3\day1\das\audio\scene_068\das_est_position.wav,results\week3\day1\das\audio\scene_068\das_true_position_clean_reference.wav,results\week3\day1\das\audio\scene_068\das_est_position_clean_reference.wav,results\week3\day1\das\figures\scene_068\spectrogram_compare.png,results\week3\day1\das\scenes\scene_068\metadata.json
69,mic_8,8,0.3,20.0,probe,0.7279822105528746,0.1721612180631224,0.35,0.7400000000000001,0.18000000000000002,0.35,0.014348301831553447,1.4348301831553447,0.5693900061363318,19.841031887803496,27.572683969916074,27.11562900616258,7.7316520821125785,7.274597118359086,19.842408100071665,27.57267560242425,27.115782937634837,7.730267502352586,7.273374837563171,0,0,0,results\week3\day1\das\audio\scene_069\mic0_single.wav,results\week3\day1\das\audio\scene_069\das_true_position.wav,results\week3\day1\das\audio\scene_069\das_est_position.wav,results\week3\day1\das\audio\scene_069\das_true_position_clean_reference.wav,results\week3\day1\das\audio\scene_069\das_est_position_clean_reference.wav,results\week3\day1\das\figures\scene_069\spectrogram_compare.png,results\week3\day1\das\scenes\scene_069\metadata.json
70,mic_8,8,0.3,20.0,probe,0.9244967294339634,0.5708385141069431,0.35,0.9000000000000001,0.56,0.35,0.02678736905721066,2.6787369057210664,0.5930591956159094,19.92112667486612,26.71831155068006,26.751355859268532,6.79718487581394,6.830229184402413,19.92087125910775,26.720081727255845,26.753614201239518,6.799210468148097,6.83274294213177,0,0,0,results\week3\day1\das\audio\scene_070\mic0_single.wav,results\week3\day1\das\audio\scene_070\das_true_position.wav,results\week3\day1\das\audio\scene_070\das_est_position.wav,results\week3\day1\das\audio\scene_070\das_true_position_clean_reference.wav,results\week3\day1\das\audio\scene_070\das_est_position_clean_reference.wav,results\week3\day1\das\figures\scene_070\spectrogram_compare.png,results\week3\day1\das\scenes\scene_070\metadata.json
71,mic_8,8,0.3,20.0,probe,0.31792073902021023,0.1637701560498417,0.35,0.3400000000000001,0.24000000000000005,0.35,0.07936298176151879,7.93629817615188,0.5379453841142549,20.900338973518586,26.97696555095931,27.730702749398507,6.076626577440724,6.8303637758799205,20.79622348465188,26.01971107042346,26.58307280589498,5.223487585771583,5.7868493212431,0,0,0,results\week3\day1\das\audio\scene_071\mic0_single.wav,results\week3\day1\das\audio\scene_071\das_true_position.wav,results\week3\day1\das\audio\scene_071\das_est_position.wav,results\week3\day1\das\audio\scene_071\das_true_position_clean_reference.wav,results\week3\day1\das\audio\scene_071\das_est_position_clean_reference.wav,results\week3\day1\das\figures\scene_071\spectrogram_compare.png,results\week3\day1\das\scenes\scene_071\metadata.json
72,mic_8,8,0.3,20.0,probe,0.32785300976473547,0.3443885435525692,0.35,0.3400000000000001,0.36000000000000004,0.35,0.019780468755457834,1.9780468755457834,0.5338114401498899,20.76088842412686,26.59764466022368,27.07805542155533,5.836756236096818,6.317166997428469,20.797007870122414,26.51376472714803,26.970767109247056,5.716756857025615,6.173759239124642,0,0,0,results\week3\day1\das\audio\scene_072\mic0_single.wav,results\week3\day1\das\audio\scene_072\das_true_position.wav,results\week3\day1\das\audio\scene_072\das_est_position.wav,results\week3\day1\das\audio\scene_072\das_true_position_clean_reference.wav,results\week3\day1\das\audio\scene_072\das_est_position_clean_reference.wav,results\week3\day1\das\figures\scene_072\spectrogram_compare.png,results\week3\day1\das\scenes\scene_072\metadata.json
73,mic_8,8,0.3,20.0,probe,0.36889811345563456,0.202623589291753,0.35,0.3400000000000001,0.22000000000000003,0.35,0.03372003277573147,3.372003277573147,0.5088940999020488,20.369417053390745,27.44554663658299,26.577993337500114,7.076129583192245,6.20857628410937,20.367030824660176,27.444467523740034,26.575793670072592,7.077436699079858,6.208762845412416,0,0,0,results\week3\day1\das\audio\scene_073\mic0_single.wav,results\week3\day1\das\audio\scene_073\das_true_position.wav,results\week3\day1\das\audio\scene_073\das_est_position.wav,results\week3\day1\das\audio\scene_073\das_true_position_clean_reference.wav,results\week3\day1\das\audio\scene_073\das_est_position_clean_reference.wav,results\week3\day1\das\figures\scene_073\spectrogram_compare.png,results\week3\day1\das\scenes\scene_073\metadata.json
74,mic_8,8,0.3,20.0,probe,0.7344189300532947,0.6108310481947787,0.35,0.6200000000000001,0.56,0.35,0.12520178519142863,12.520178519142863,0.5531103142996856,19.783275643622062,27.01869545079869,27.171889818129348,7.235419807176626,7.3886141745072855,19.826552718758236,26.793600054017872,26.9411550129717,6.967047335259636,7.114602294213462,0,0,0,results\week3\day1\das\audio\scene_074\mic0_single.wav,results\week3\day1\das\audio\scene_074\das_true_position.wav,results\week3\day1\das\audio\scene_074\das_est_position.wav,results\week3\day1\das\audio\scene_074\das_true_position_clean_reference.wav,results\week3\day1\das\audio\scene_074\das_est_position_clean_reference.wav,results\week3\day1\das\figures\scene_074\spectrogram_compare.png,results\week3\day1\das\scenes\scene_074\metadata.json
75,mic_8,8,0.3,20.0,probe,0.45447689222171817,0.6351031162714375,0.35,0.4400000000000001,0.64,0.35,0.015282665953631957,1.5282665953631958,0.5792664172467238,19.69900170268407,27.178008322213163,26.855358643019063,7.479006619529095,7.1563569403349945,19.717962927577528,26.60001577808255,26.328104112300792,6.882052850505023,6.610141184723265,0,0,0,results\week3\day1\das\audio\scene_075\mic0_single.wav,results\week3\day1\das\audio\scene_075\das_true_position.wav,results\week3\day1\das\audio\scene_075\das_est_position.wav,results\week3\day1\das\audio\scene_075\das_true_position_clean_reference.wav,results\week3\day1\das\audio\scene_075\das_est_position_clean_reference.wav,results\week3\day1\das\figures\scene_075\spectrogram_compare.png,results\week3\day1\das\scenes\scene_075\metadata.json
76,mic_8,8,0.3,20.0,probe,0.2592180109444574,0.5990354274933924,0.35,0.3400000000000001,0.66,0.35,0.10120478672811495,10.120478672811494,0.4632343380342116,20.08924670252147,26.932589072595494,26.861798280726177,6.843342370074023,6.772551578204705,19.818025790797922,24.883764231543136,24.84548532707139,5.065738440745214,5.027459536273469,0,0,0,results\week3\day1\das\audio\scene_076\mic0_single.wav,results\week3\day1\das\audio\scene_076\das_true_position.wav,results\week3\day1\das\audio\scene_076\das_est_position.wav,results\week3\day1\das\audio\scene_076\das_true_position_clean_reference.wav,results\week3\day1\das\audio\scene_076\das_est_position_clean_reference.wav,results\week3\day1\das\figures\scene_076\spectrogram_compare.png,results\week3\day1\das\scenes\scene_076\metadata.json
77,mic_8,8,0.3,20.0,probe,0.7694505162034925,0.2666295090633733,0.35,0.7000000000000001,0.3400000000000001,0.35,0.1010277345149004,10.10277345149004,0.5330315149271347,19.884521527834266,27.661640580537007,27.198846314801127,7.777119052702741,7.314324786966861,19.92762393199197,27.41523734366062,26.988558741742608,7.487613411668651,7.060934809750638,0,0,0,results\week3\day1\das\audio\scene_077\mic0_single.wav,results\week3\day1\das\audio\scene_077\das_true_position.wav,results\week3\day1\das\audio\scene_077\das_est_position.wav,results\week3\day1\das\audio\scene_077\das_true_position_clean_reference.wav,results\week3\day1\das\audio\scene_077\das_est_position_clean_reference.wav,results\week3\day1\das\figures\scene_077\spectrogram_compare.png,results\week3\day1\das\scenes\scene_077\metadata.json
78,mic_8,8,0.3,20.0,probe,0.7472695871255892,0.111631484832078,0.35,0.7600000000000001,0.08,0.35,0.03409712956591724,3.409712956591724,0.6176870552934521,19.735528379967825,27.299712730716756,26.879501368994653,7.564184350748931,7.143972989026828,19.735624787447854,27.300533244185598,26.87945726610888,7.564908456737744,7.143832478661025,0,0,0,results\week3\day1\das\audio\scene_078\mic0_single.wav,results\week3\day1\das\audio\scene_078\das_true_position.wav,results\week3\day1\das\audio\scene_078\das_est_position.wav,results\week3\day1\das\audio\scene_078\das_true_position_clean_reference.wav,results\week3\day1\das\audio\scene_078\das_est_position_clean_reference.wav,results\week3\day1\das\figures\scene_078\spectrogram_compare.png,results\week3\day1\das\scenes\scene_078\metadata.json
79,mic_8,8,0.3,20.0,probe,0.6539782878543996,0.09635930120248525,0.35,0.64,0.08,0.35,0.021517882497450583,2.1517882497450582,0.5724852437694178,19.981987865236192,27.50993911000833,27.697338155300915,7.527951244772137,7.715350290064723,20.00717546628328,27.51151132543507,27.697823754390598,7.504335859151791,7.690648288107319,0,0,0,results\week3\day1\das\audio\scene_079\mic0_single.wav,results\week3\day1\das\audio\scene_079\das_true_position.wav,results\week3\day1\das\audio\scene_079\das_est_position.wav,results\week3\day1\das\audio\scene_079\das_true_position_clean_reference.wav,results\week3\day1\das\audio\scene_079\das_est_position_clean_reference.wav,results\week3\day1\das\figures\scene_079\spectrogram_compare.png,results\week3\day1\das\scenes\scene_079\metadata.json
80,mic_8,8,0.3,20.0,probe,0.6527498218687643,0.21349430500044492,0.35,0.64,0.22000000000000003,0.35,0.01431370060859372,1.431370060859372,0.5975189511309398,19.774571904745486,27.63623495140669,27.74718553968762,7.861663046661203,7.972613634942135,19.782354439876602,26.865436138084533,26.960084715646015,7.0830816982079305,7.177730275769413,0,0,0,results\week3\day1\das\audio\scene_080\mic0_single.wav,results\week3\day1\das\audio\scene_080\das_true_position.wav,results\week3\day1\das\audio\scene_080\das_est_position.wav,results\week3\day1\das\audio\scene_080\das_true_position_clean_reference.wav,results\week3\day1\das\audio\scene_080\das_est_position_clean_reference.wav,results\week3\day1\das\figures\scene_080\spectrogram_compare.png,results\week3\day1\das\scenes\scene_080\metadata.json
81,mic_8,8,0.3,20.0,probe,0.7584809290110076,0.14634609838966012,0.35,0.6200000000000001,0.52,0.35,0.39848990688395264,39.84899068839526,0.5513700161116896,19.76248804539382,27.84213307449566,27.03875978356904,8.07964502910184,7.276271738175222,19.80634707558676,27.53005090818176,26.795302151289388,7.723703832595,6.988955075702627,0,0,0,results\week3\day1\das\audio\scene_081\mic0_single.wav,results\week3\day1\das\audio\scene_081\das_true_position.wav,results\week3\day1\das\audio\scene_081\das_est_position.wav,results\week3\day1\das\audio\scene_081\das_true_position_clean_reference.wav,results\week3\day1\das\audio\scene_081\das_est_position_clean_reference.wav,results\week3\day1\das\figures\scene_081\spectrogram_compare.png,results\week3\day1\das\scenes\scene_081\metadata.json
82,mic_8,8,0.3,20.0,probe,0.13235339544942534,0.6182491523224889,0.35,0.08,0.6000000000000001,0.35,0.055442849634315415,5.544284963431542,0.5432973625387936,19.686433204867708,27.585196661084105,27.026833779521695,7.898763456216397,7.340400574653987,19.708835998632374,27.588165817303256,27.03238924328518,7.8793298186708824,7.323553244652807,0,0,0,results\week3\day1\das\audio\scene_082\mic0_single.wav,results\week3\day1\das\audio\scene_082\das_true_position.wav,results\week3\day1\das\audio\scene_082\das_est_position.wav,results\week3\day1\das\audio\scene_082\das_true_position_clean_reference.wav,results\week3\day1\das\audio\scene_082\das_est_position_clean_reference.wav,results\week3\day1\das\figures\scene_082\spectrogram_compare.png,results\week3\day1\das\scenes\scene_082\metadata.json
83,mic_8,8,0.3,20.0,probe,0.57406667719427,0.6511598279855573,0.35,0.5800000000000001,0.66,0.35,0.010646734746481383,1.0646734746481383,0.6483014850416025,19.491913544632048,27.673069263641064,27.179315031511138,8.181155719009016,7.687401486879089,19.537926700825977,27.34575455170151,26.89822597271624,7.807827850875533,7.360299271890263,0,0,0,results\week3\day1\das\audio\scene_083\mic0_single.wav,results\week3\day1\das\audio\scene_083\das_true_position.wav,results\week3\day1\das\audio\scene_083\das_est_position.wav,results\week3\day1\das\audio\scene_083\das_true_position_clean_reference.wav,results\week3\day1\das\audio\scene_083\das_est_position_clean_reference.wav,results\week3\day1\das\figures\scene_083\spectrogram_compare.png,results\week3\day1\das\scenes\scene_083\metadata.json
84,mic_8,8,0.3,20.0,probe,0.6359297824775147,0.6130554276623058,0.35,0.6200000000000001,0.6000000000000001,0.35,0.02059616860551083,2.059616860551083,0.5685138797149055,19.765643009056383,26.86517129428768,27.134944443143183,7.0995282852312975,7.3693014340868,19.766634086062098,26.210803145535642,26.432769826428157,6.444169059473545,6.666135740366059,0,0,0,results\week3\day1\das\audio\scene_084\mic0_single.wav,results\week3\day1\das\audio\scene_084\das_true_position.wav,results\week3\day1\das\audio\scene_084\das_est_position.wav,results\week3\day1\das\audio\scene_084\das_true_position_clean_reference.wav,results\week3\day1\das\audio\scene_084\das_est_position_clean_reference.wav,results\week3\day1\das\figures\scene_084\spectrogram_compare.png,results\week3\day1\das\scenes\scene_084\metadata.json
85,mic_8,8,0.3,20.0,probe,0.412867310045953,0.6218928308516266,0.35,0.4400000000000001,0.66,0.35,0.04677968794942087,4.677968794942087,0.5442316950918338,19.919372434033157,27.73247015539078,27.029819305832294,7.813097721357622,7.110446871799137,19.91913869020998,27.732721513852585,27.03035400221164,7.813582823642605,7.1112153120016615,0,0,0,results\week3\day1\das\audio\scene_085\mic0_single.wav,results\week3\day1\das\audio\scene_085\das_true_position.wav,results\week3\day1\das\audio\scene_085\das_est_position.wav,results\week3\day1\das\audio\scene_085\das_true_position_clean_reference.wav,results\week3\day1\das\audio\scene_085\das_est_position_clean_reference.wav,results\week3\day1\das\figures\scene_085\spectrogram_compare.png,results\week3\day1\das\scenes\scene_085\metadata.json
86,mic_8,8,0.3,20.0,probe,1.0363108544211435,0.38313502085314843,0.35,1.1000000000000003,0.38000000000000006,0.35,0.06376625769413238,6.376625769413239,0.5593029830126015,19.525675411530656,27.16132138267743,27.055722199834467,7.635645971146772,7.53004678830381,19.33952745692399,25.10501013791313,25.04366396205662,5.765482680989141,5.704136505132631,0,0,0,results\week3\day1\das\audio\scene_086\mic0_single.wav,results\week3\day1\das\audio\scene_086\das_true_position.wav,results\week3\day1\das\audio\scene_086\das_est_position.wav,results\week3\day1\das\audio\scene_086\das_true_position_clean_reference.wav,results\week3\day1\das\audio\scene_086\das_est_position_clean_reference.wav,results\week3\day1\das\figures\scene_086\spectrogram_compare.png,results\week3\day1\das\scenes\scene_086\metadata.json
87,mic_8,8,0.3,20.0,probe,0.4176131365729518,0.27702183015530163,0.35,0.4000000000000001,0.3400000000000001,0.35,0.06539474334321632,6.539474334321632,0.5803469809547597,19.87288667852676,27.409272952957924,26.88555852138197,7.5363862744311625,7.012671842855209,19.399833510681866,24.235895203635213,23.996581272511218,4.836061692953347,4.596747761829352,0,0,0,results\week3\day1\das\audio\scene_087\mic0_single.wav,results\week3\day1\das\audio\scene_087\das_true_position.wav,results\week3\day1\das\audio\scene_087\das_est_position.wav,results\week3\day1\das\audio\scene_087\das_true_position_clean_reference.wav,results\week3\day1\das\audio\scene_087\das_est_position_clean_reference.wav,results\week3\day1\das\figures\scene_087\spectrogram_compare.png,results\week3\day1\das\scenes\scene_087\metadata.json
88,mic_8,8,0.3,20.0,probe,0.9316801919185372,0.21963294411112566,0.35,0.8600000000000001,0.24000000000000005,0.35,0.07451756087700973,7.451756087700972,0.49559884123160397,19.663056794507753,27.079429020254647,27.569751940201343,7.416372225746894,7.90669514569359,19.66297019881123,27.07986703552197,27.57031087736,7.416896836710741,7.9073406785487705,0,0,0,results\week3\day1\das\audio\scene_088\mic0_single.wav,results\week3\day1\das\audio\scene_088\das_true_position.wav,results\week3\day1\das\audio\scene_088\das_est_position.wav,results\week3\day1\das\audio\scene_088\das_true_position_clean_reference.wav,results\week3\day1\das\audio\scene_088\das_est_position_clean_reference.wav,results\week3\day1\das\figures\scene_088\spectrogram_compare.png,results\week3\day1\das\scenes\scene_088\metadata.json
89,mic_8,8,0.3,20.0,probe,1.0565326080459498,0.15318092371967096,0.35,1.1200000000000003,0.22000000000000003,0.35,0.09215692484238777,9.215692484238778,0.5979367234430748,19.61777996289158,26.820639534467254,27.225380759053145,7.202859571575676,7.607600796161567,19.617798146730422,26.822520088542376,27.22751619111415,7.204721941811954,7.60971804438373,0,0,0,results\week3\day1\das\audio\scene_089\mic0_single.wav,results\week3\day1\das\audio\scene_089\das_true_position.wav,results\week3\day1\das\audio\scene_089\das_est_position.wav,results\week3\day1\das\audio\scene_089\das_true_position_clean_reference.wav,results\week3\day1\das\audio\scene_089\das_est_position_clean_reference.wav,results\week3\day1\das\figures\scene_089\spectrogram_compare.png,results\week3\day1\das\scenes\scene_089\metadata.json
90,mic_8,8,0.3,20.0,probe,0.7183821182359884,0.5250456242166834,0.35,0.7200000000000001,0.52,0.35,0.005298666354688102,0.5298666354688102,0.5675489508646089,19.527612798100744,27.169758576974353,26.977055125275808,7.6421457788736085,7.449442327175063,19.528408656072436,27.16946472063927,26.976740816531514,7.641056064566833,7.448332160459078,0,0,0,results\week3\day1\das\audio\scene_090\mic0_single.wav,results\week3\day1\das\audio\scene_090\das_true_position.wav,results\week3\day1\das\audio\scene_090\das_est_position.wav,results\week3\day1\das\audio\scene_090\das_true_position_clean_reference.wav,results\week3\day1\das\audio\scene_090\das_est_position_clean_reference.wav,results\week3\day1\das\figures\scene_090\spectrogram_compare.png,results\week3\day1\das\scenes\scene_090\metadata.json
91,mic_8,8,0.3,20.0,probe,0.47633842534058674,0.33483508974582965,0.35,0.4600000000000001,0.3400000000000001,0.35,0.017135356446352647,1.7135356446352648,0.607110967003829,20.11434794867177,27.51509274779577,26.734153671952004,7.4007447991239985,6.619805723280233,20.140608914690947,27.514413472401557,26.739362426797086,7.37380455771061,6.598753512106139,0,0,0,results\week3\day1\das\audio\scene_091\mic0_single.wav,results\week3\day1\das\audio\scene_091\das_true_position.wav,results\week3\day1\das\audio\scene_091\das_est_position.wav,results\week3\day1\das\audio\scene_091\das_true_position_clean_reference.wav,results\week3\day1\das\audio\scene_091\das_est_position_clean_reference.wav,results\week3\day1\das\figures\scene_091\spectrogram_compare.png,results\week3\day1\das\scenes\scene_091\metadata.json
92,mic_8,8,0.3,20.0,probe,0.0920420896218376,0.364738555819992,0.35,0.08,0.36000000000000004,0.35,0.012940859079657283,1.2940859079657283,0.6438867990775514,20.398757798271806,27.153026186650177,26.498198178799992,6.754268388378371,6.099440380528186,20.43478618016591,26.940078320332304,26.3299623584592,6.505292140166393,5.895176178293287,0,0,0,results\week3\day1\das\audio\scene_092\mic0_single.wav,results\week3\day1\das\audio\scene_092\das_true_position.wav,results\week3\day1\das\audio\scene_092\das_est_position.wav,results\week3\day1\das\audio\scene_092\das_true_position_clean_reference.wav,results\week3\day1\das\audio\scene_092\das_est_position_clean_reference.wav,results\week3\day1\das\figures\scene_092\spectrogram_compare.png,results\week3\day1\das\scenes\scene_092\metadata.json
93,mic_8,8,0.3,20.0,probe,0.5208129133497728,0.5846865872661279,0.35,0.5800000000000001,0.6000000000000001,0.35,0.06113601095671385,6.1136010956713855,0.5184461784234127,19.650199433978642,26.880759127140017,27.154355696752553,7.230559693161375,7.504156262773911,19.69385054264497,26.830513846426747,27.09540095085577,7.136663303781777,7.401550408210799,0,0,0,results\week3\day1\das\audio\scene_093\mic0_single.wav,results\week3\day1\das\audio\scene_093\das_true_position.wav,results\week3\day1\das\audio\scene_093\das_est_position.wav,results\week3\day1\das\audio\scene_093\das_true_position_clean_reference.wav,results\week3\day1\das\audio\scene_093\das_est_position_clean_reference.wav,results\week3\day1\das\figures\scene_093\spectrogram_compare.png,results\week3\day1\das\scenes\scene_093\metadata.json
94,mic_8,8,0.3,20.0,probe,0.9282355676353539,0.167091965602842,0.35,0.9400000000000002,0.2,0.35,0.03494768371075359,3.494768371075359,0.591284693243967,19.797857650651068,26.96799811515062,26.736248744957408,7.1701404644995534,6.93839109430634,19.78611450727835,26.183880516870165,26.000732472144445,6.397766009591816,6.214617964866097,0,0,0,results\week3\day1\das\audio\scene_094\mic0_single.wav,results\week3\day1\das\audio\scene_094\das_true_position.wav,results\week3\day1\das\audio\scene_094\das_est_position.wav,results\week3\day1\das\audio\scene_094\das_true_position_clean_reference.wav,results\week3\day1\das\audio\scene_094\das_est_position_clean_reference.wav,results\week3\day1\das\figures\scene_094\spectrogram_compare.png,results\week3\day1\das\scenes\scene_094\metadata.json
95,mic_8,8,0.3,20.0,probe,0.7695536178615187,0.5146114656392992,0.35,0.7800000000000001,0.52,0.35,0.011754284424823092,1.1754284424823092,0.598391778387007,19.693576632916457,27.49256493460924,27.172709693891647,7.798988301692784,7.47913306097519,19.739684805742744,27.276009138927645,26.978735629509842,7.536324333184901,7.239050823767098,0,0,0,results\week3\day1\das\audio\scene_095\mic0_single.wav,results\week3\day1\das\audio\scene_095\das_true_position.wav,results\week3\day1\das\audio\scene_095\das_est_position.wav,results\week3\day1\das\audio\scene_095\das_true_position_clean_reference.wav,results\week3\day1\das\audio\scene_095\das_est_position_clean_reference.wav,results\week3\day1\das\figures\scene_095\spectrogram_compare.png,results\week3\day1\das\scenes\scene_095\metadata.json
96,mic_8,8,0.3,20.0,probe,0.4061968176036689,0.11216890837551276,0.35,0.4600000000000001,0.1,0.35,0.055162167896344566,5.5162167896344565,0.6157507082408213,20.601930195896294,27.360399793956958,26.856953369680816,6.758469598060664,6.255023173784522,20.499434128842072,26.252694845917794,25.87633589736944,5.753260717075722,5.376901768527368,0,0,0,results\week3\day1\das\audio\scene_096\mic0_single.wav,results\week3\day1\das\audio\scene_096\das_true_position.wav,results\week3\day1\das\audio\scene_096\das_est_position.wav,results\week3\day1\das\audio\scene_096\das_true_position_clean_reference.wav,results\week3\day1\das\audio\scene_096\das_est_position_clean_reference.wav,results\week3\day1\das\figures\scene_096\spectrogram_compare.png,results\week3\day1\das\scenes\scene_096\metadata.json
97,mic_8,8,0.3,20.0,probe,0.5725386666985035,0.13514152959914322,0.35,0.6000000000000001,0.16000000000000003,0.35,0.03704144135108891,3.704144135108891,0.5723145195969883,19.843522009594295,27.133372946126,27.190464694829927,7.289850936531703,7.346942685235632,19.712760441469403,25.590414192837105,25.641381678690195,5.877653751367703,5.928621237220792,0,0,0,results\week3\day1\das\audio\scene_097\mic0_single.wav,results\week3\day1\das\audio\scene_097\das_true_position.wav,results\week3\day1\das\audio\scene_097\das_est_position.wav,results\week3\day1\das\audio\scene_097\das_true_position_clean_reference.wav,results\week3\day1\das\audio\scene_097\das_est_position_clean_reference.wav,results\week3\day1\das\figures\scene_097\spectrogram_compare.png,results\week3\day1\das\scenes\scene_097\metadata.json
98,mic_8,8,0.3,20.0,probe,0.26847441965725244,0.44278102402708786,0.35,0.32000000000000006,0.4400000000000001,0.35,0.05160057678259207,5.160057678259207,0.5633023985630639,20.198457866806923,26.336173193019548,26.820736694908135,6.137715326212625,6.622278828101212,20.03578545186309,25.038540345959163,25.374510471018983,5.002754894096071,5.338725019155891,0,0,0,results\week3\day1\das\audio\scene_098\mic0_single.wav,results\week3\day1\das\audio\scene_098\das_true_position.wav,results\week3\day1\das\audio\scene_098\das_est_position.wav,results\week3\day1\das\audio\scene_098\das_true_position_clean_reference.wav,results\week3\day1\das\audio\scene_098\das_est_position_clean_reference.wav,results\week3\day1\das\figures\scene_098\spectrogram_compare.png,results\week3\day1\das\scenes\scene_098\metadata.json
99,mic_8,8,0.3,20.0,probe,0.5842912899365669,0.20766603693601715,0.35,0.6000000000000001,0.22000000000000003,0.35,0.01997223614722953,1.9972236147229532,0.628121412969188,20.212023697356422,27.863065908796646,27.359342720510416,7.651042211440224,7.147319023153994,20.21695534049865,27.86457980609924,27.360494078210564,7.64762446560059,7.143538737711914,0,0,0,results\week3\day1\das\audio\scene_099\mic0_single.wav,results\week3\day1\das\audio\scene_099\das_true_position.wav,results\week3\day1\das\audio\scene_099\das_est_position.wav,results\week3\day1\das\audio\scene_099\das_true_position_clean_reference.wav,results\week3\day1\das\audio\scene_099\das_est_position_clean_reference.wav,results\week3\day1\das\figures\scene_099\spectrogram_compare.png,results\week3\day1\das\scenes\scene_099\metadata.json
